id,source_url,final_url,download_timestamp,download_status,error_message,content_type_detected,raw_file_path,processed_file_path,file_size_bytes,document_page_count,detected_language,extracted_keywords,extracted_entities,summary,metadata_author,metadata_creation_date
4743d194-0030-435c-93d1-2f641c88d6df,http://www.citi.umich.edu/u/provos/honeyd/honeyd-man.pdf,http://www.citi.umich.edu/u/provos/honeyd/honeyd-man.pdf,2025-05-28 20:37:00,failed_processing,Can not convert date: Wed Nov 26 22:31:48 2003,document,raw_downloads/documents/4743d194-0030-435c-93d1-2f641c88d6df.pdf,processed_data/documents/4743d194-0030-435c-93d1-2f641c88d6df.txt,49112,,,,,,,
ac923470-7227-4e05-bbf8-6bc91dd58870,https://aircrack-ng.org/documentation.html,https://aircrack-ng.org/documentation.html,2025-05-28 20:37:00,success,,page,raw_downloads/pages/ac923470-7227-4e05-bbf8-6bc91dd58870.html,processed_data/pages/ac923470-7227-4e05-bbf8-6bc91dd58870.txt,2292,,en,,,,,
6d5256c3-8fe5-4189-9c05-d1e8b908b747,https://bdu.fstec.ru/files/documents/scanoval_manual.pdf,,,failed_download,,,,,,,,,,,,
a67efc33-2a74-4a3c-be67-496b00db8774,https://bi.zone/upload/iblock/279/maor6d0c3s21esx6px0pcyaqdj8y8nx2/EDR-Core-Windows-%D0%A0%D1%83%D0%BA%D0%BE%D0%B2%D0%BE%D0%B4%D1%81%D1%82%D0%B2%D0%BE-%D0%BF%D0%BE%D0%BB%D1%8C%D0%B7%D0%BE%D0%B2%D0%B0%D1%82%D0%B5%D0%BB%D1%8F.pdf,https://bi.zone/upload/iblock/279/maor6d0c3s21esx6px0pcyaqdj8y8nx2/EDR-Core-Windows-%D0%A0%D1%83%D0%BA%D0%BE%D0%B2%D0%BE%D0%B4%D1%81%D1%82%D0%B2%D0%BE-%D0%BF%D0%BE%D0%BB%D1%8C%D0%B7%D0%BE%D0%B2%D0%B0%D1%82%D0%B5%D0%BB%D1%8F.pdf,2025-05-28 20:37:01,failed_processing,Can not convert date: Wed Nov 26 22:31:48 2003,document,raw_downloads/documents/a67efc33-2a74-4a3c-be67-496b00db8774.pdf,processed_data/documents/a67efc33-2a74-4a3c-be67-496b00db8774.txt,465924,8,ru,,,,Julia Vershinina,2022-06-01 14:34:12
debdec15-c644-423d-90aa-590fbe5a7839,https://bi.zone/upload/iblock/40e/g3ds2eb0mizookv76nm3phbwu901gbjo/BI.ZONE_EDR_User_Guide.pdf,https://bi.zone/upload/iblock/40e/g3ds2eb0mizookv76nm3phbwu901gbjo/BI.ZONE_EDR_User_Guide.pdf,2025-05-28 20:37:02,failed_processing,Can not convert date: Wed Nov 26 22:31:48 2003,document,raw_downloads/documents/debdec15-c644-423d-90aa-590fbe5a7839.pdf,processed_data/documents/debdec15-c644-423d-90aa-590fbe5a7839.txt,3728909,57,ru,,,,,2024-11-21 06:54:14
6da793db-9503-4342-8db9-88915863ef8c,https://bi.zone/upload/iblock/48d/tvlfobxhe6tn7dvp862sa6lhyn6dh4pv/%D0%9D%D0%B0%D0%B1%D0%BE%D1%80-%D0%BC%D0%BE%D0%B4%D1%83%D0%BB%D0%B5%D0%B8%CC%86-%D0%9C%D0%BE%D0%BD%D0%B8%D1%82%D0%BE%D1%80%D0%B8%D0%BD%D0%B3-%D0%A0%D1%83%D0%BA%D0%BE%D0%B2%D0%BE%D0%B4%D1%81%D1%82%D0%B2%D0%BE-%D0%BF%D0%BE-%D1%83%D1%81%D1%82%D0%B0%D0%BD%D0%BE%D0%B2%D0%BA%D0%B5.pdf,https://bi.zone/upload/iblock/48d/tvlfobxhe6tn7dvp862sa6lhyn6dh4pv/%D0%9D%D0%B0%D0%B1%D0%BE%D1%80-%D0%BC%D0%BE%D0%B4%D1%83%D0%BB%D0%B5%D0%B8%CC%86-%D0%9C%D0%BE%D0%BD%D0%B8%D1%82%D0%BE%D1%80%D0%B8%D0%BD%D0%B3-%D0%A0%D1%83%D0%BA%D0%BE%D0%B2%D0%BE%D0%B4%D1%81%D1%82%D0%B2%D0%BE-%D0%BF%D0%BE-%D1%83%D1%81%D1%82%D0%B0%D0%BD%D0%BE%D0%B2%D0%BA%D0%B5.pdf,2025-05-28 20:37:02,failed_processing,Can not convert date: Wed Nov 26 22:31:48 2003,document,raw_downloads/documents/6da793db-9503-4342-8db9-88915863ef8c.pdf,processed_data/documents/6da793db-9503-4342-8db9-88915863ef8c.txt,342803,6,ru,,,,Julia Vershinina,2022-06-01 14:11:51
f5b03f05-4d82-4ce7-9d12-78825bf16562,https://bi.zone/upload/iblock/490/wnwcn1j65wbxhbaky935u8p19ymqes07/%D0%9D%D0%B0%D0%B1%D0%BE%D1%80-%D0%BC%D0%BE%D0%B4%D1%83%D0%BB%D0%B5%D0%B8%CC%86-%D0%9C%D0%BE%D0%BD%D0%B8%D1%82%D0%BE%D1%80%D0%B8%D0%BD%D0%B3-%20%D0%A0%D1%83%D0%BA%D0%BE%D0%B2%D0%BE%D0%B4%D1%81%D1%82%D0%B2%D0%BE-%20%D0%BF%D0%BE%D0%BB%D1%8C%D0%B7%D0%BE%D0%B2%D0%B0%D1%82%D0%B5%D0%BB%D1%8F.pdf,https://bi.zone/upload/iblock/490/wnwcn1j65wbxhbaky935u8p19ymqes07/%D0%9D%D0%B0%D0%B1%D0%BE%D1%80-%D0%BC%D0%BE%D0%B4%D1%83%D0%BB%D0%B5%D0%B8%CC%86-%D0%9C%D0%BE%D0%BD%D0%B8%D1%82%D0%BE%D1%80%D0%B8%D0%BD%D0%B3-%20%D0%A0%D1%83%D0%BA%D0%BE%D0%B2%D0%BE%D0%B4%D1%81%D1%82%D0%B2%D0%BE-%20%D0%BF%D0%BE%D0%BB%D1%8C%D0%B7%D0%BE%D0%B2%D0%B0%D1%82%D0%B5%D0%BB%D1%8F.pdf,2025-05-28 20:37:02,failed_processing,Can not convert date: Wed Nov 26 22:31:48 2003,document,raw_downloads/documents/f5b03f05-4d82-4ce7-9d12-78825bf16562.pdf,processed_data/documents/f5b03f05-4d82-4ce7-9d12-78825bf16562.txt,450971,8,ru,,,,Julia Vershinina,2022-06-01 14:12:34
71f72e2c-e0f7-45ed-a532-36e3a1e66222,https://bi.zone/upload/iblock/4b0/jaugubiz8uph3ycm9pbhq5cf03xbodqk/EDR-Core-Linux-%D0%A0%D1%83%D0%BA%D0%BE%D0%B2%D0%BE%D0%B4%D1%81%D1%82%D0%B2%D0%BE-%D0%BF%D0%BE-%D1%83%D1%81%D1%82%D0%B0%D0%BD%D0%BE%D0%B2%D0%BA%D0%B5.pdf,https://bi.zone/upload/iblock/4b0/jaugubiz8uph3ycm9pbhq5cf03xbodqk/EDR-Core-Linux-%D0%A0%D1%83%D0%BA%D0%BE%D0%B2%D0%BE%D0%B4%D1%81%D1%82%D0%B2%D0%BE-%D0%BF%D0%BE-%D1%83%D1%81%D1%82%D0%B0%D0%BD%D0%BE%D0%B2%D0%BA%D0%B5.pdf,2025-05-28 20:37:03,failed_processing,Can not convert date: Wed Nov 26 22:31:48 2003,document,raw_downloads/documents/71f72e2c-e0f7-45ed-a532-36e3a1e66222.pdf,processed_data/documents/71f72e2c-e0f7-45ed-a532-36e3a1e66222.txt,328078,6,ru,,,,Julia Vershinina,2022-06-01 14:13:08
237e0e51-76b1-4710-8c8a-1bac41a3f546,https://bi.zone/upload/iblock/5c4/ym3spgqouzbiq8x9gf6w6m2jdvcjqwhp/EDR-Core-Linux-%D0%A0%D1%83%D0%BA%D0%BE%D0%B2%D0%BE%D0%B4%D1%81%D1%82%D0%B2%D0%BE-%D0%BF%D0%BE%D0%BB%D1%8C%D0%B7%D0%BE%D0%B2%D0%B0%D1%82%D0%B5%D0%BB%D1%8F.pdf,https://bi.zone/upload/iblock/5c4/ym3spgqouzbiq8x9gf6w6m2jdvcjqwhp/EDR-Core-Linux-%D0%A0%D1%83%D0%BA%D0%BE%D0%B2%D0%BE%D0%B4%D1%81%D1%82%D0%B2%D0%BE-%D0%BF%D0%BE%D0%BB%D1%8C%D0%B7%D0%BE%D0%B2%D0%B0%D1%82%D0%B5%D0%BB%D1%8F.pdf,2025-05-28 20:37:03,failed_processing,Can not convert date: Wed Nov 26 22:31:48 2003,document,raw_downloads/documents/237e0e51-76b1-4710-8c8a-1bac41a3f546.pdf,processed_data/documents/237e0e51-76b1-4710-8c8a-1bac41a3f546.txt,431022,9,ru,,,,Julia Vershinina,2022-06-01 14:13:25
1b8ee696-8c7b-44f7-b8fe-9cb70ae610a0,https://bi.zone/upload/iblock/8fe/b7dggiv2jwgim9c9nrxofn1vi9lg1mdj/%D0%A0%D1%83%D0%BA%D0%BE%D0%B2%D0%BE%D0%B4%D1%81%D1%82%D0%B2%D0%BE_%D0%BF%D0%BE%D0%BB%D1%8C%D0%B7%D0%BE%D0%B2%D0%B0%D1%82%D0%B5%D0%BB%D1%8F_%D0%BC%D0%BE%D0%B4%D1%83%D0%BB%D1%8F_BI_ZONE_Deception_%D0%B4%D0%BB%D1%8F_%D0%BF%D0%BB%D0%B0%D1%82%D1%84%D0%BE%D1%80%D0%BC%D1%8B_BI_ZONE_Sensors.pdf,https://bi.zone/upload/iblock/8fe/b7dggiv2jwgim9c9nrxofn1vi9lg1mdj/%D0%A0%D1%83%D0%BA%D0%BE%D0%B2%D0%BE%D0%B4%D1%81%D1%82%D0%B2%D0%BE_%D0%BF%D0%BE%D0%BB%D1%8C%D0%B7%D0%BE%D0%B2%D0%B0%D1%82%D0%B5%D0%BB%D1%8F_%D0%BC%D0%BE%D0%B4%D1%83%D0%BB%D1%8F_BI_ZONE_Deception_%D0%B4%D0%BB%D1%8F_%D0%BF%D0%BB%D0%B0%D1%82%D1%84%D0%BE%D1%80%D0%BC%D1%8B_BI_ZONE_Sensors.pdf,2025-05-28 20:37:04,failed_processing,Can not convert date: Wed Nov 26 22:31:48 2003,document,raw_downloads/documents/1b8ee696-8c7b-44f7-b8fe-9cb70ae610a0.pdf,processed_data/documents/1b8ee696-8c7b-44f7-b8fe-9cb70ae610a0.txt,408338,8,ru,,,,,2023-08-02 21:36:39
9faa50bc-8040-49ca-94d7-654a7e4ef70b,https://bi.zone/upload/iblock/956/bkl14pymaymtwlzm88p670fiktcktcg2/%D0%A0%D1%83%D0%BA%D0%BE%D0%B2%D0%BE%D0%B4%D1%81%D1%82%D0%B2%D0%BE_%D0%BF%D0%BE_%D1%83%D1%81%D1%82%D0%B0%D0%BD%D0%BE%D0%B2%D0%BA%D0%B5_%D0%BC%D0%BE%D0%B4%D1%83%D0%BB%D1%8F_BI_ZONE_Deception_%D0%B4%D0%BB%D1%8F_BI_ZONE_Sensors.pdf,https://bi.zone/upload/iblock/956/bkl14pymaymtwlzm88p670fiktcktcg2/%D0%A0%D1%83%D0%BA%D0%BE%D0%B2%D0%BE%D0%B4%D1%81%D1%82%D0%B2%D0%BE_%D0%BF%D0%BE_%D1%83%D1%81%D1%82%D0%B0%D0%BD%D0%BE%D0%B2%D0%BA%D0%B5_%D0%BC%D0%BE%D0%B4%D1%83%D0%BB%D1%8F_BI_ZONE_Deception_%D0%B4%D0%BB%D1%8F_BI_ZONE_Sensors.pdf,2025-05-28 20:37:04,failed_processing,Can not convert date: Wed Nov 26 22:31:48 2003,document,raw_downloads/documents/9faa50bc-8040-49ca-94d7-654a7e4ef70b.pdf,processed_data/documents/9faa50bc-8040-49ca-94d7-654a7e4ef70b.txt,321697,6,ru,,,,,2023-08-02 20:46:04
2ee018e8-cd44-456c-b3c7-22840a5b6b2c,https://bi.zone/upload/iblock/b50/3ecfbzjbaokd79gxburh7gitqp0ufrzn/EDR-Core-Windows-%D0%A0%D1%83%D0%BA%D0%BE%D0%B2%D0%BE%D0%B4%D1%81%D1%82%D0%B2%D0%BE-%D0%BF%D0%BE-%D1%83%D1%81%D1%82%D0%B0%D0%BD%D0%BE%D0%B2%D0%BA%D0%B5.pdf,https://bi.zone/upload/iblock/b50/3ecfbzjbaokd79gxburh7gitqp0ufrzn/EDR-Core-Windows-%D0%A0%D1%83%D0%BA%D0%BE%D0%B2%D0%BE%D0%B4%D1%81%D1%82%D0%B2%D0%BE-%D0%BF%D0%BE-%D1%83%D1%81%D1%82%D0%B0%D0%BD%D0%BE%D0%B2%D0%BA%D0%B5.pdf,2025-05-28 20:37:04,failed_processing,Can not convert date: Wed Nov 26 22:31:48 2003,document,raw_downloads/documents/2ee018e8-cd44-456c-b3c7-22840a5b6b2c.pdf,processed_data/documents/2ee018e8-cd44-456c-b3c7-22840a5b6b2c.txt,331016,6,ru,,,,Julia Vershinina,2022-06-01 14:13:55
51608199-bd4c-4195-9f10-3db86651336b,https://bi.zone/upload/iblock/c27/6uz2lyymdcdszjajekid5odp31py3rd6/%D0%A0%D1%83%D0%BA%D0%BE%D0%B2%D0%BE%D0%B4%D1%81%D1%82%D0%B2%D0%BE-%D0%BF%D0%BE-%D1%83%D1%81%D1%82%D0%B0%D0%BD%D0%BE%D0%B2%D0%BA%D0%B5-EDR-macOS.pdf,https://bi.zone/upload/iblock/c27/6uz2lyymdcdszjajekid5odp31py3rd6/%D0%A0%D1%83%D0%BA%D0%BE%D0%B2%D0%BE%D0%B4%D1%81%D1%82%D0%B2%D0%BE-%D0%BF%D0%BE-%D1%83%D1%81%D1%82%D0%B0%D0%BD%D0%BE%D0%B2%D0%BA%D0%B5-EDR-macOS.pdf,2025-05-28 20:37:04,failed_processing,Can not convert date: Wed Nov 26 22:31:48 2003,document,raw_downloads/documents/51608199-bd4c-4195-9f10-3db86651336b.pdf,processed_data/documents/51608199-bd4c-4195-9f10-3db86651336b.txt,297410,6,ru,,,,Julia Vershinina,2023-06-27 09:07:23
0ea3f78e-7fdf-4efe-a7b8-d021b14aef0f,https://bi.zone/upload/iblock/c58/sc6fugunt22hqr7xmy6oacmdxcej6kph/BI_ZONE_Threat_Intelligence_%D0%A0%D1%83%D0%BA%D0%BE%D0%B2%D0%BE%D0%B4%D1%81%D1%82%D0%B2%D0%BE_%D0%BF%D0%BE%D0%BB%D1%8C%D0%B7%D0%BE%D0%B2%D0%B0%D1%82%D0%B5%D0%BB%D1%8F.pdf,https://bi.zone/upload/iblock/c58/sc6fugunt22hqr7xmy6oacmdxcej6kph/BI_ZONE_Threat_Intelligence_%D0%A0%D1%83%D0%BA%D0%BE%D0%B2%D0%BE%D0%B4%D1%81%D1%82%D0%B2%D0%BE_%D0%BF%D0%BE%D0%BB%D1%8C%D0%B7%D0%BE%D0%B2%D0%B0%D1%82%D0%B5%D0%BB%D1%8F.pdf,2025-05-28 20:37:08,failed_processing,Can not convert date: Wed Nov 26 22:31:48 2003,document,raw_downloads/documents/0ea3f78e-7fdf-4efe-a7b8-d021b14aef0f.pdf,processed_data/documents/0ea3f78e-7fdf-4efe-a7b8-d021b14aef0f.txt,3623887,73,ru,,,,,2023-11-29 12:06:19
77e43c42-7639-4812-868e-dab37a4de80d,https://bi.zone/upload/iblock/ef5/j7jw3shyp60is4zx52ssymohp5amwbd0/%D0%A0%D1%83%D0%BA%D0%BE%D0%B2%D0%BE%D0%B4%D1%81%D1%82%D0%B2%D0%BE-%D0%BF%D0%BE-%D0%B8%D1%81%D0%BF%D0%BE%D0%BB%D1%8C%D0%B7%D0%BE%D0%B2%D0%B0%D0%BD%D0%B8%D1%8E-EDR-macOS.pdf,https://bi.zone/upload/iblock/ef5/j7jw3shyp60is4zx52ssymohp5amwbd0/%D0%A0%D1%83%D0%BA%D0%BE%D0%B2%D0%BE%D0%B4%D1%81%D1%82%D0%B2%D0%BE-%D0%BF%D0%BE-%D0%B8%D1%81%D0%BF%D0%BE%D0%BB%D1%8C%D0%B7%D0%BE%D0%B2%D0%B0%D0%BD%D0%B8%D1%8E-EDR-macOS.pdf,2025-05-28 20:37:08,failed_processing,Can not convert date: Wed Nov 26 22:31:48 2003,document,raw_downloads/documents/77e43c42-7639-4812-868e-dab37a4de80d.pdf,processed_data/documents/77e43c42-7639-4812-868e-dab37a4de80d.txt,375688,8,ru,,,,Julia Vershinina,2023-06-27 09:06:56
ca974e96-a1b7-4d49-9efe-a5b707be20ee,https://book.rada.re/,https://book.rada.re/,2025-05-28 20:37:09,success,,page,raw_downloads/pages/ca974e96-a1b7-4d49-9efe-a5b707be20ee.html,processed_data/pages/ca974e96-a1b7-4d49-9efe-a5b707be20ee.txt,6391,,en,,,,,
97e1a77d-ebac-4f4d-b459-cf39f454d018,https://bytis.by/products/aide,https://bytis.by/products/aide/,2025-05-28 20:37:10,success,,page,raw_downloads/pages/97e1a77d-ebac-4f4d-b459-cf39f454d018.html,processed_data/pages/97e1a77d-ebac-4f4d-b459-cf39f454d018.txt,0,,ru,,,,,
bae0bf29-1cbe-4fd0-a520-e81b3c25296b,https://docs.broadcom.com/docs/email-encryption-en,https://docs.broadcom.com/docs/email-encryption-en,2025-05-28 20:37:12,success,,page,raw_downloads/pages/bae0bf29-1cbe-4fd0-a520-e81b3c25296b.html,processed_data/pages/bae0bf29-1cbe-4fd0-a520-e81b3c25296b.txt,0,,en,,,,,
a8b04819-f71c-4abf-88ed-292a3cff39a2,https://docs.checkmarx.com/en/34965-44074-checkmarx-sast.html,https://docs.checkmarx.com/en/34965-44074-checkmarx-sast.html,2025-05-28 20:37:13,success,,page,raw_downloads/pages/a8b04819-f71c-4abf-88ed-292a3cff39a2.html,processed_data/pages/a8b04819-f71c-4abf-88ed-292a3cff39a2.txt,0,,en,,,,,
b82a47f0-eada-4387-b718-ae6680c923e6,https://docs.cloud.f5.com/docs-v2,https://docs.cloud.f5.com/docs-v2,2025-05-28 20:37:14,success,,page,raw_downloads/pages/b82a47f0-eada-4387-b718-ae6680c923e6.html,processed_data/pages/b82a47f0-eada-4387-b718-ae6680c923e6.txt,0,,en,,,,,
49c7c9e2-9bf9-48bc-80ea-d0e237affa69,https://docs.cloud.f5.com/docs-v2,https://docs.cloud.f5.com/docs-v2,2025-05-28 20:37:15,success,,page,raw_downloads/pages/49c7c9e2-9bf9-48bc-80ea-d0e237affa69.html,processed_data/pages/49c7c9e2-9bf9-48bc-80ea-d0e237affa69.txt,0,,en,,,,,
89add657-0afb-4e13-b9ce-9f854905d4d5,https://docs.contrastsecurity.com/en/deployment-with-dast-tools.html,https://docs.contrastsecurity.com/en/deployment-with-dast-tools.html,2025-05-28 20:37:16,success,,page,raw_downloads/pages/89add657-0afb-4e13-b9ce-9f854905d4d5.html,processed_data/pages/89add657-0afb-4e13-b9ce-9f854905d4d5.txt,16012,,en,,,,,
959c980d-8f82-4c8c-b1e8-cdfbfae3fdbe,https://docs.cowrie.org/en/latest/,https://docs.cowrie.org/en/latest/,2025-05-28 20:37:18,success,,page,raw_downloads/pages/959c980d-8f82-4c8c-b1e8-cdfbfae3fdbe.html,processed_data/pages/959c980d-8f82-4c8c-b1e8-cdfbfae3fdbe.txt,0,,en,,,,,
1b465e27-e51e-4eaf-94f4-b1e1e3aba6a3,https://docs.cyberark.com/pam-self-hosted/latest/en/content/pasimp/opm-pam-lp.htm,https://docs.cyberark.com/pam-self-hosted/latest/en/content/pasimp/opm-pam-lp.htm,2025-05-28 20:37:18,success,,page,raw_downloads/pages/1b465e27-e51e-4eaf-94f4-b1e1e3aba6a3.html,processed_data/pages/1b465e27-e51e-4eaf-94f4-b1e1e3aba6a3.txt,0,,en,,,,,
56a8563d-82ba-4570-a741-37ff2ade4452,https://docs.exabeam.com/security-management-platform/,https://docs.exabeam.com/security-management-platform/,2025-05-28 20:37:19,success,,page,raw_downloads/pages/56a8563d-82ba-4570-a741-37ff2ade4452.html,processed_data/pages/56a8563d-82ba-4570-a741-37ff2ade4452.txt,0,,en,,,,,
9438a75c-b451-44f5-b215-c37e7609b8d8,https://docs.hex-rays.com/,https://docs.hex-rays.com/,2025-05-28 20:37:20,success,,page,raw_downloads/pages/9438a75c-b451-44f5-b215-c37e7609b8d8.html,processed_data/pages/9438a75c-b451-44f5-b215-c37e7609b8d8.txt,0,,en,,,,,
e3fbc698-7cbf-4666-84a1-81823fbd7d05,https://docs.ideco.dev/v10,https://docs.ideco.dev/v10,2025-05-28 20:37:21,success,,page,raw_downloads/pages/e3fbc698-7cbf-4666-84a1-81823fbd7d05.html,processed_data/pages/e3fbc698-7cbf-4666-84a1-81823fbd7d05.txt,0,,ru,,,,,
69d90138-faf3-4281-8c3a-affe97f2e888,https://docs.imperva.com/bundle/v14.7-waf-administration-guide/page/7240.htm,https://docs.imperva.com/bundle/v14.7-waf-administration-guide/page/7240.htm,2025-05-28 20:37:23,success,,page,raw_downloads/pages/69d90138-faf3-4281-8c3a-affe97f2e888.html,processed_data/pages/69d90138-faf3-4281-8c3a-affe97f2e888.txt,0,,en,,,,,
fc4d1390-6f92-43c5-a5ac-e0f0a091925a,https://docs.imperva.com/bundle/v14.9-dam-user-guide/page/2383.htm,https://docs.imperva.com/bundle/v14.9-dam-user-guide/page/2383.htm,2025-05-28 20:37:24,success,,page,raw_downloads/pages/fc4d1390-6f92-43c5-a5ac-e0f0a091925a.html,processed_data/pages/fc4d1390-6f92-43c5-a5ac-e0f0a091925a.txt,0,,en,,,,,
b0c745c1-48f6-4566-af8d-9f7711293efd,https://docs.indeed-company.ru/access-manager/en/8.2/api/usecases/2fa-authentication/,https://docs.indeed-company.ru/access-manager/en/8.2/api/usecases/2fa-authentication/,2025-05-28 20:37:24,success,,page,raw_downloads/pages/b0c745c1-48f6-4566-af8d-9f7711293efd.html,processed_data/pages/b0c745c1-48f6-4566-af8d-9f7711293efd.txt,37809,,ru,,,,,
b01bc1da-2507-4b26-ba50-b6a557e64c8c,https://docs.indeed-company.ru/privileged-access-manager/2.10/user-manual/,https://docs.indeed-company.ru/privileged-access-manager/2.10/user-manual/,2025-05-28 20:37:24,success,,page,raw_downloads/pages/b01bc1da-2507-4b26-ba50-b6a557e64c8c.html,processed_data/pages/b01bc1da-2507-4b26-ba50-b6a557e64c8c.txt,28509,,ru,,,,,
b69ff9a8-cee2-4b74-b5fa-0834e71e5878,https://docs.krontech.com/singleconnect-reference-guide-3-3-0/cloud-pam,https://docs.krontech.com/singleconnect-reference-guide-3-3-0/cloud-pam,2025-05-28 20:37:26,success,,page,raw_downloads/pages/b69ff9a8-cee2-4b74-b5fa-0834e71e5878.html,processed_data/pages/b69ff9a8-cee2-4b74-b5fa-0834e71e5878.txt,0,,en,,,,,
fef68af6-c2a1-42bb-b2c9-8a9b2ba2223e,https://docs.metasploit.com/,https://docs.metasploit.com/,2025-05-28 20:37:27,success,,page,raw_downloads/pages/fef68af6-c2a1-42bb-b2c9-8a9b2ba2223e.html,processed_data/pages/fef68af6-c2a1-42bb-b2c9-8a9b2ba2223e.txt,9645,,en,,,,,
91e88520-6474-4bb3-8f3e-063686848212,https://docs.netams.com/,https://docs.netams.com/,2025-05-28 20:37:27,success,,page,raw_downloads/pages/91e88520-6474-4bb3-8f3e-063686848212.html,processed_data/pages/91e88520-6474-4bb3-8f3e-063686848212.txt,0,,bg,,,,,
8b927f56-f514-46b4-8a2c-f00d872c9b14,https://docs.nitrokey.com/nitrokeys/,https://docs.nitrokey.com/nitrokeys/,2025-05-28 20:37:27,success,,page,raw_downloads/pages/8b927f56-f514-46b4-8a2c-f00d872c9b14.html,processed_data/pages/8b927f56-f514-46b4-8a2c-f00d872c9b14.txt,28645,,en,,,,,
42908267-8d98-4d75-ae60-2cc1bdbc2a30,https://docs.openssl.org/master/,https://docs.openssl.org/master/,2025-05-28 20:37:28,success,,page,raw_downloads/pages/42908267-8d98-4d75-ae60-2cc1bdbc2a30.html,processed_data/pages/42908267-8d98-4d75-ae60-2cc1bdbc2a30.txt,4071,,en,,,,,
a619e2c7-f911-41d2-9655-027a4d232d57,https://docs.oracle.com/cd/E17904_01/doc.1111/e10724/c05_irm.htm#UCMOV166,https://docs.oracle.com/cd/E17904_01/doc.1111/e10724/c05_irm.htm#UCMOV166,2025-05-28 20:37:30,success,,page,raw_downloads/pages/a619e2c7-f911-41d2-9655-027a4d232d57.html,processed_data/pages/a619e2c7-f911-41d2-9655-027a4d232d57.txt,4832,,en,,,,,
fe2b1c96-98fd-4a7b-8379-b6e635c18f1f,https://docs.oracle.com/en/database/oracle/key-vault/index.html,https://docs.oracle.com/en/database/oracle/key-vault/index.html,2025-05-28 20:37:30,success,,page,raw_downloads/pages/fe2b1c96-98fd-4a7b-8379-b6e635c18f1f.html,processed_data/pages/fe2b1c96-98fd-4a7b-8379-b6e635c18f1f.txt,4011,,en,,,,,
a274b8a7-8c81-493e-95b3-4b552e008fad,https://docs.oracle.com/en/database/oracle/oracle-database/23/dbtde/transparent-data-encryption.pdf,https://docs.oracle.com/en/database/oracle/oracle-database/23/dbtde/transparent-data-encryption.pdf,2025-05-28 20:37:31,failed_processing,Can not convert date: Wed Nov 26 22:31:48 2003,document,raw_downloads/documents/a274b8a7-8c81-493e-95b3-4b552e008fad.pdf,processed_data/documents/a274b8a7-8c81-493e-95b3-4b552e008fad.txt,1382971,272,en,,,,,2025-04-14 13:53:53
c8807570-1e4f-4f7e-b549-37c8c4af1fba,https://docs.paloaltonetworks.com/globalprotect,https://docs.paloaltonetworks.com/globalprotect,2025-05-28 20:37:32,success,,page,raw_downloads/pages/c8807570-1e4f-4f7e-b549-37c8c4af1fba.html,processed_data/pages/c8807570-1e4f-4f7e-b549-37c8c4af1fba.txt,0,,en,,,,,
da730d28-f153-4ee5-852c-c350d3577f52,https://docs.paloaltonetworks.com/ngfw,https://docs.paloaltonetworks.com/ngfw,2025-05-28 20:37:33,success,,page,raw_downloads/pages/da730d28-f153-4ee5-852c-c350d3577f52.html,processed_data/pages/da730d28-f153-4ee5-852c-c350d3577f52.txt,0,,en,,,,,
ae6fc010-1a1c-4929-b94e-0e0ac7902caf,https://docs.paloaltonetworks.com/pan-os/11-0/pan-os-admin/getting-started,https://docs.paloaltonetworks.com/pan-os/11-0/pan-os-admin/getting-started,2025-05-28 20:37:34,success,,page,raw_downloads/pages/ae6fc010-1a1c-4929-b94e-0e0ac7902caf.html,processed_data/pages/ae6fc010-1a1c-4929-b94e-0e0ac7902caf.txt,0,,en,,,,,
9642d64e-87f5-4d3c-b2b0-8220019ab7bb,https://docs.qrator.ru/ru/architecture.html,https://docs.qrator.ru/ru/architecture.html,2025-05-28 20:37:34,success,,page,raw_downloads/pages/9642d64e-87f5-4d3c-b2b0-8220019ab7bb.html,processed_data/pages/9642d64e-87f5-4d3c-b2b0-8220019ab7bb.txt,0,,ru,,,,,
ba0b2dcb-7abd-4e84-879c-41c0c59ed531,https://docs.qualys.com/en/fim/latest/get_started/get_started.htm,https://docs.qualys.com/en/fim/latest/get_started/get_started.htm,2025-05-28 20:37:37,success,,page,raw_downloads/pages/ba0b2dcb-7abd-4e84-879c-41c0c59ed531.html,processed_data/pages/ba0b2dcb-7abd-4e84-879c-41c0c59ed531.txt,2640,,en,,,,,
027160a9-e88a-466d-819f-5b4cc0e55501,https://docs.qualys.com/en/vmdr/getting-started-guide/vmdr/getting_started_guide.htm,https://docs.qualys.com/en/vmdr/getting-started-guide/vmdr/getting_started_guide.htm,2025-05-28 20:37:43,success,,page,raw_downloads/pages/027160a9-e88a-466d-819f-5b4cc0e55501.html,processed_data/pages/027160a9-e88a-466d-819f-5b4cc0e55501.txt,2483,,en,,,,,
a99a5011-f73e-4e75-9702-32770e73db59,https://docs.redcheck.ru/home/ru-ru/,https://docs.redcheck.ru/home/ru-ru/,2025-05-28 20:37:43,success,,page,raw_downloads/pages/a99a5011-f73e-4e75-9702-32770e73db59.html,processed_data/pages/a99a5011-f73e-4e75-9702-32770e73db59.txt,25702,,ru,,,,,
e5dafd42-1029-4828-8666-0b008952fed9,https://docs.securitycode.ru/products/kontinent_4_1_9/,https://docs.securitycode.ru/products/kontinent_4_1_9/,2025-05-28 20:37:44,success,,page,raw_downloads/pages/e5dafd42-1029-4828-8666-0b008952fed9.html,processed_data/pages/e5dafd42-1029-4828-8666-0b008952fed9.txt,221209,,ru,,,,,
382fb296-f4f0-42dd-9286-692e47e90422,https://docs.snyk.io/snyk-admin,https://docs.snyk.io/snyk-admin,2025-05-28 20:37:45,success,,page,raw_downloads/pages/382fb296-f4f0-42dd-9286-692e47e90422.html,processed_data/pages/382fb296-f4f0-42dd-9286-692e47e90422.txt,0,,en,,,,,
4f0c7d5e-a7f6-4a29-9a21-d5e1f71490a4,https://docs.suricata.io/en/latest/,https://docs.suricata.io/en/latest/,2025-05-28 20:37:46,success,,page,raw_downloads/pages/4f0c7d5e-a7f6-4a29-9a21-d5e1f71490a4.html,processed_data/pages/4f0c7d5e-a7f6-4a29-9a21-d5e1f71490a4.txt,0,,en,,,,,
92938113-472a-4dcb-a40d-c2a155bcf829,https://docs.threatconnect.com/en/latest/,https://docs.threatconnect.com/en/latest/,2025-05-28 20:37:48,success,,page,raw_downloads/pages/92938113-472a-4dcb-a40d-c2a155bcf829.html,processed_data/pages/92938113-472a-4dcb-a40d-c2a155bcf829.txt,0,,en,,,,,
6124317e-d781-4920-92d5-a9d26ebf983f,https://docs.threatq.com/rest_api,https://docs.threatq.com/rest_api,2025-05-28 20:37:50,success,,page,raw_downloads/pages/6124317e-d781-4920-92d5-a9d26ebf983f.html,processed_data/pages/6124317e-d781-4920-92d5-a9d26ebf983f.txt,3900333,,en,,,,,
542f59d5-2b7c-45b8-866a-bc7adadaba46,https://docs.trellix.com/bundle?labelkey=prod-advanced-threat-defense-v5-2-x&labelkey=prod-advanced-threat-defense-v5-0-x,https://docs.trellix.com/bundle?labelkey=prod-advanced-threat-defense-v5-2-x&labelkey=prod-advanced-threat-defense-v5-0-x,2025-05-28 20:37:52,success,,page,raw_downloads/pages/542f59d5-2b7c-45b8-866a-bc7adadaba46.html,processed_data/pages/542f59d5-2b7c-45b8-866a-bc7adadaba46.txt,0,,en,,,,,
7b730eec-064d-4451-b0ce-57f0530e824d,https://docs.trellix.com/ru-RU/bundle/data-loss-prevention-11.3.x-product-guide/page/GUID-E1C5AD0E-78F4-4584-8C7A-71FD0F229813.html,https://docs.trellix.com/ru-RU/bundle/data-loss-prevention-11.3.x-product-guide/page/GUID-E1C5AD0E-78F4-4584-8C7A-71FD0F229813.html,2025-05-28 20:37:53,success,,page,raw_downloads/pages/7b730eec-064d-4451-b0ce-57f0530e824d.html,processed_data/pages/7b730eec-064d-4451-b0ce-57f0530e824d.txt,0,,ru,,,,,
f5e25199-4164-4a0f-ab4b-3a7427010e8f,https://docs.umbrella.com/cloudlock-documentation,https://docs.umbrella.com/cloudlock-documentation,2025-05-28 20:37:54,success,,page,raw_downloads/pages/f5e25199-4164-4a0f-ab4b-3a7427010e8f.html,processed_data/pages/f5e25199-4164-4a0f-ab4b-3a7427010e8f.txt,0,,en,,,,,
a75afe6c-f978-48a3-acc4-9ccf2f21b223,https://docs.usergate.com/310/,,,failed_download,,,,,,,,,,,,
bb477450-dddf-4320-9644-1d171d069c45,https://docs.usergate.com/310/,,,failed_download,,,,,,,,,,,,
f552e0c4-33ed-41ac-94e5-e022d90bc070,https://docs.usergate.com/ngfw-701-rukovodstvo-administratora-53/,,,failed_download,,,,,,,,,,,,
3e8cfd5b-2144-4f8c-891b-d15161999c6c,https://docs.veracode.com/r/DAST-Essentials,https://docs.veracode.com/r/DAST-Essentials,2025-05-28 20:37:55,success,,page,raw_downloads/pages/3e8cfd5b-2144-4f8c-891b-d15161999c6c.html,processed_data/pages/3e8cfd5b-2144-4f8c-891b-d15161999c6c.txt,0,,en,,,,,
5ce934cf-83bb-419d-8625-f9092bbc8974,https://documentation.blackduck.com/,https://documentation.blackduck.com/,2025-05-28 20:37:57,success,,page,raw_downloads/pages/5ce934cf-83bb-419d-8625-f9092bbc8974.html,processed_data/pages/5ce934cf-83bb-419d-8625-f9092bbc8974.txt,0,,en,,,,,
6ea0dffa-73b3-4f12-bb32-0ee428bc6c0c,https://documentation.securonix.com/bundle/securonix-cloud-user-guide/page/content/user-guide.htm,https://documentation.securonix.com/bundle/securonix-cloud-user-guide/page/content/user-guide.htm,2025-05-28 20:37:59,success,,page,raw_downloads/pages/6ea0dffa-73b3-4f12-bb32-0ee428bc6c0c.html,processed_data/pages/6ea0dffa-73b3-4f12-bb32-0ee428bc6c0c.txt,0,,en,,,,,
a1731aee-dfe3-404c-b93e-4e5bd2d97c9b,https://documentation.securonix.com/bundle/securonix-multi-tenant-user-guide/page/content/active-deployment-guides/barracuda-email-security-gateway-syslog.htm,https://documentation.securonix.com/bundle/securonix-multi-tenant-user-guide/page/content/active-deployment-guides/barracuda-email-security-gateway-syslog.htm,2025-05-28 20:38:01,success,,page,raw_downloads/pages/a1731aee-dfe3-404c-b93e-4e5bd2d97c9b.html,processed_data/pages/a1731aee-dfe3-404c-b93e-4e5bd2d97c9b.txt,0,,en,,,,,
241fe9ed-e271-4524-a5d1-4d44c2eef27c,https://documentation.solarwinds.com/en/success_center/arm/content/arm_administrator_guide.htm,https://documentation.solarwinds.com/en/success_center/arm/content/arm_administrator_guide.htm,2025-05-28 20:38:03,success,,page,raw_downloads/pages/241fe9ed-e271-4524-a5d1-4d44c2eef27c.html,processed_data/pages/241fe9ed-e271-4524-a5d1-4d44c2eef27c.txt,402607,,en,,,,,
8302d73b-8fc1-48b0-84b8-e1e8902f0e2c,https://documentation.solarwinds.com/en/success_center/nta/content/nta_documentation.htm,https://documentation.solarwinds.com/en/success_center/nta/content/nta_documentation.htm,2025-05-28 20:38:04,success,,page,raw_downloads/pages/8302d73b-8fc1-48b0-84b8-e1e8902f0e2c.html,processed_data/pages/8302d73b-8fc1-48b0-84b8-e1e8902f0e2c.txt,408039,,en,,,,,
2cc41f8a-510e-4ca1-a340-1cf21f783cac,https://documentation.wazuh.com/current/user-manual/capabilities/vulnerability-detection/configuring-scans.html,https://documentation.wazuh.com/current/user-manual/capabilities/vulnerability-detection/configuring-scans.html,2025-05-28 20:38:05,success,,page,raw_downloads/pages/2cc41f8a-510e-4ca1-a340-1cf21f783cac.html,processed_data/pages/2cc41f8a-510e-4ca1-a340-1cf21f783cac.txt,0,,en,,,,,
da878f81-0e12-49ff-93e4-c21c3b5d3328,https://falcongaze.com/ru/support/documentation/admin-guide/program-overview-2.html,https://falcongaze.com/ru/support/documentation/admin-guide/program-overview-2.html,2025-05-28 20:38:05,success,,page,raw_downloads/pages/da878f81-0e12-49ff-93e4-c21c3b5d3328.html,processed_data/pages/da878f81-0e12-49ff-93e4-c21c3b5d3328.txt,0,,ru,,,,,
b15c7732-8cfa-4476-a96b-432d05852ab3,https://ftp.unpad.ac.id/orari/library/library-sw-hw/linux-1/HONEYPOTS/honeyd/docs/honeyd-eabstract.pdf,https://ftp.unpad.ac.id/orari/library/library-sw-hw/linux-1/HONEYPOTS/honeyd/docs/honeyd-eabstract.pdf,2025-05-28 20:38:09,failed_processing,Can not convert date: Wed Nov 26 22:31:48 2003,document,raw_downloads/documents/b15c7732-8cfa-4476-a96b-432d05852ab3.pdf,processed_data/documents/b15c7732-8cfa-4476-a96b-432d05852ab3.txt,260094,7,en,,,,,2003-02-25 18:50:00
f2ba2bdb-8b63-4f6d-aa27-8163b1e96273,https://ghidra.re/,https://ghidra.re/,2025-05-28 20:38:10,success,,page,raw_downloads/pages/f2ba2bdb-8b63-4f6d-aa27-8163b1e96273.html,processed_data/pages/f2ba2bdb-8b63-4f6d-aa27-8163b1e96273.txt,406,,en,,,,,
3e01dd79-520f-4a5e-8aaf-d90f4db215d8,https://github.com/eldondev/Snort/blob/master/doc/snort_manual.pdf,https://ghidra.re/,2025-05-28 20:38:11,failed_download,429 Client Error: Too Many Requests for url: https://github.com/eldondev/Snort/blob/master/doc/snort_manual.pdf,page,raw_downloads/pages/3e01dd79-520f-4a5e-8aaf-d90f4db215d8.html,,406,,,,,,,
44f9cad0-67a5-41c3-99ed-1f385232b199,https://github.com/ilanr/ops/blob/master/docs/tacacs_functionality_guide.md,https://github.com/ilanr/ops/blob/master/docs/tacacs_functionality_guide.md,2025-05-28 20:38:12,failed_download,429 Client Error: Too Many Requests for url: https://github.com/eldondev/Snort/blob/master/doc/snort_manual.pdf,page,raw_downloads/pages/44f9cad0-67a5-41c3-99ed-1f385232b199.html,,0,,,,,,,
c8a7375c-ffdf-4606-bea4-5be3c0f6e37a,https://github.com/sqlmapproject/sqlmap/wiki/Usage,https://github.com/sqlmapproject/sqlmap/wiki/Usage,2025-05-28 20:38:12,failed_download,429 Client Error: Too Many Requests for url: https://github.com/eldondev/Snort/blob/master/doc/snort_manual.pdf,page,raw_downloads/pages/c8a7375c-ffdf-4606-bea4-5be3c0f6e37a.html,,0,,,,,,,
e3d518f5-0860-499d-a5c6-ad4a47e55154,https://glump.net/howto/cryptography/practical-introduction-to-gnu-privacy-guard-in-windows,https://glump.net/howto/cryptography/practical-introduction-to-gnu-privacy-guard-in-windows,2025-05-28 20:38:14,failed_download,429 Client Error: Too Many Requests for url: https://github.com/eldondev/Snort/blob/master/doc/snort_manual.pdf,page,raw_downloads/pages/e3d518f5-0860-499d-a5c6-ad4a47e55154.html,,25535,,,,,,,
591eba21-1dd7-494a-917b-7b511447655b,https://gnutls.org/manual/gnutls.pdf,https://gnutls.org/manual/gnutls.pdf,2025-05-28 20:38:17,failed_processing,Can not convert date: Wed Nov 26 22:31:48 2003,document,raw_downloads/documents/591eba21-1dd7-494a-917b-7b511447655b.pdf,processed_data/documents/591eba21-1dd7-494a-917b-7b511447655b.txt,1506435,386,en,,,,,2024-03-20 13:00:45
7c45ce4d-d8ee-4ccf-9c01-b93bb937b2d3,https://hackware.ru/?p=15049,https://hackware.ru/?p=15049,2025-05-28 20:38:18,failed_download,429 Client Error: Too Many Requests for url: https://github.com/eldondev/Snort/blob/master/doc/snort_manual.pdf,page,raw_downloads/pages/7c45ce4d-d8ee-4ccf-9c01-b93bb937b2d3.html,,0,,,,,,,
eb928b3d-8c20-4dd6-aacd-f91c9fc60c5e,https://help.eset.com/efde/ru-RU/,https://help.eset.com/efde/ru-RU/,2025-05-28 20:38:19,failed_download,429 Client Error: Too Many Requests for url: https://github.com/eldondev/Snort/blob/master/doc/snort_manual.pdf,page,raw_downloads/pages/eb928b3d-8c20-4dd6-aacd-f91c9fc60c5e.html,,0,,,,,,,
920b9ea3-fc85-42db-9b5e-d951a4f54c15,https://help.ptsecurity.com/ru-RU/projects/mp10/27.3/help/93816075,https://help.ptsecurity.com/ru-RU/projects/mp10/27.3/help/93816075,2025-05-28 20:38:19,failed_download,429 Client Error: Too Many Requests for url: https://github.com/eldondev/Snort/blob/master/doc/snort_manual.pdf,page,raw_downloads/pages/920b9ea3-fc85-42db-9b5e-d951a4f54c15.html,,0,,,,,,,
ab185b5a-eda4-4d78-aedf-8dc048d01fe9,https://help.sonatype.com/en/sonatype-lifecycle.html,https://help.sonatype.com/en/sonatype-lifecycle.html,2025-05-28 20:38:20,failed_download,429 Client Error: Too Many Requests for url: https://github.com/eldondev/Snort/blob/master/doc/snort_manual.pdf,page,raw_downloads/pages/ab185b5a-eda4-4d78-aedf-8dc048d01fe9.html,,67490,,,,,,,
189d831f-b8b2-48c0-9596-214af7329e59,https://helpcenter.netwrix.com/bundle/Auditor_10.7/page/Content/Auditor/Overview.htm,https://helpcenter.netwrix.com/bundle/Auditor_10.7/page/Content/Auditor/Overview.htm,2025-05-28 20:38:22,failed_download,429 Client Error: Too Many Requests for url: https://github.com/eldondev/Snort/blob/master/doc/snort_manual.pdf,page,raw_downloads/pages/189d831f-b8b2-48c0-9596-214af7329e59.html,,0,,,,,,,
4e39cd61-6a94-42de-ad50-84d27d626dc5,https://helpx.adobe.com/sign/using/get-started-guide.html,https://helpcenter.netwrix.com/bundle/Auditor_10.7/page/Content/Auditor/Overview.htm,2025-05-28 20:38:27,failed_download,"HTTPSConnectionPool(host='helpx.adobe.com', port=443): Read timed out. (read timeout=5)",page,raw_downloads/pages/4e39cd61-6a94-42de-ad50-84d27d626dc5.html,,0,,,,,,,
22332d72-b9db-4b80-97a7-4548929f47d1,https://ideco.protectme.ru/docs/,https://ideco.protectme.ru/docs/,2025-05-28 20:38:28,failed_download,"HTTPSConnectionPool(host='helpx.adobe.com', port=443): Read timed out. (read timeout=5)",page,raw_downloads/pages/22332d72-b9db-4b80-97a7-4548929f47d1.html,,0,,,,,,,
5e6485b2-c042-438b-90c5-57c6219e202f,https://img.kaspersky.com/oh/KES4Linux/12.2.0/ru-RU/kesl.pdf,https://img.kaspersky.com/oh/KES4Linux/12.2.0/ru-RU/kesl.pdf,2025-05-28 20:38:28,failed_processing,Can not convert date: Wed Nov 26 22:31:48 2003,document,raw_downloads/documents/5e6485b2-c042-438b-90c5-57c6219e202f.pdf,processed_data/documents/5e6485b2-c042-438b-90c5-57c6219e202f.txt,5774531,695,ru,,,,,2025-04-17 09:05:47
728a0a92-0c3d-49c0-97cf-5783ba0d4fcb,https://img.kaspersky.com/oh/KESWin/12.8/ru-RU/KESWin-12.8-ru-RU.pdf,https://img.kaspersky.com/oh/KESWin/12.8/ru-RU/KESWin-12.8-ru-RU.pdf,2025-05-28 20:38:30,failed_processing,Can not convert date: Wed Nov 26 22:31:48 2003,document,raw_downloads/documents/728a0a92-0c3d-49c0-97cf-5783ba0d4fcb.pdf,processed_data/documents/728a0a92-0c3d-49c0-97cf-5783ba0d4fcb.txt,15583995,1349,ru,,,,,2025-02-19 14:32:37
20a86ba1-c309-42ae-ae37-362adef85cc2,https://infosec.co.il/wp-content/uploads/2020/06/10-GAiA-R80.40-Endpoint-Security.pdf,https://infosec.co.il/wp-content/uploads/2020/06/10-GAiA-R80.40-Endpoint-Security.pdf,2025-05-28 20:38:34,failed_processing,Can not convert date: Wed Nov 26 22:31:48 2003,document,raw_downloads/documents/20a86ba1-c309-42ae-ae37-362adef85cc2.pdf,processed_data/documents/20a86ba1-c309-42ae-ae37-362adef85cc2.txt,3087020,289,en,,,,"Check Point Software Technologies, LTD",2020-01-26 12:32:52
18dc9083-ccb3-471f-9845-44f1597d6640,https://infosec.co.il/wp-content/uploads/2020/06/12-GAiA-R80.40-Threat-Prevention.pdf,https://infosec.co.il/wp-content/uploads/2020/06/12-GAiA-R80.40-Threat-Prevention.pdf,2025-05-28 20:38:36,failed_processing,Can not convert date: Wed Nov 26 22:31:48 2003,document,raw_downloads/documents/18dc9083-ccb3-471f-9845-44f1597d6640.pdf,processed_data/documents/18dc9083-ccb3-471f-9845-44f1597d6640.txt,3654865,278,en,,,,"Check Point Software Technologies, LTD",2020-01-27 09:42:30
2dd956d7-b0e1-497d-8c6d-efa0190fde18,https://infotecs.ru/downloads/documents/,https://infotecs.ru/downloads/documents/,2025-05-28 20:38:36,success,,page,raw_downloads/pages/2dd956d7-b0e1-497d-8c6d-efa0190fde18.html,processed_data/pages/2dd956d7-b0e1-497d-8c6d-efa0190fde18.txt,109265,,ru,,,,,
4b0fd3f8-e760-4d0c-b3cb-32a6c15d7b22,https://infotecs.ru/downloads/materials/,https://infotecs.ru/downloads/materials/,2025-05-28 20:38:37,success,,page,raw_downloads/pages/4b0fd3f8-e760-4d0c-b3cb-32a6c15d7b22.html,processed_data/pages/4b0fd3f8-e760-4d0c-b3cb-32a6c15d7b22.txt,95264,,ru,,,,,
823b61f4-41cf-4dac-8c09-7c1a9eccb8ad,https://kontinent-ipc.ru/kontinent-sov-soa/,https://kontinent-ipc.ru/kontinent-sov-soa/,2025-05-28 20:38:37,success,,page,raw_downloads/pages/823b61f4-41cf-4dac-8c09-7c1a9eccb8ad.html,processed_data/pages/823b61f4-41cf-4dac-8c09-7c1a9eccb8ad.txt,0,,ru,,,,,
c9db7c69-5e34-4899-8bb1-4106d5edbf8d,https://learn.microsoft.com/en-us/intune/endpoint-manager-overview,https://learn.microsoft.com/en-us/intune/endpoint-manager-overview,2025-05-28 20:38:38,success,,page,raw_downloads/pages/c9db7c69-5e34-4899-8bb1-4106d5edbf8d.html,processed_data/pages/c9db7c69-5e34-4899-8bb1-4106d5edbf8d.txt,0,,en,,,,,
24bcb5e7-36fb-4b97-a9dc-9b15277368fb,https://learn.microsoft.com/en-us/previous-versions/windows/it-pro/windows-server-2012-r2-and-2012/jj590750(v=ws.11),https://learn.microsoft.com/en-us/previous-versions/windows/it-pro/windows-server-2012-r2-and-2012/jj590750(v=ws.11),2025-05-28 20:38:39,success,,page,raw_downloads/pages/24bcb5e7-36fb-4b97-a9dc-9b15277368fb.html,processed_data/pages/24bcb5e7-36fb-4b97-a9dc-9b15277368fb.txt,46366,,en,,,,,
943d5a4f-228b-4189-af10-762d3a1ed961,https://learn.microsoft.com/ru-ru/windows/security/operating-system-security/data-protection/bitlocker/operations-guide?tabs=powershell,https://learn.microsoft.com/ru-ru/windows/security/operating-system-security/data-protection/bitlocker/operations-guide?tabs=powershell,2025-05-28 20:38:40,success,,page,raw_downloads/pages/943d5a4f-228b-4189-af10-762d3a1ed961.html,processed_data/pages/943d5a4f-228b-4189-af10-762d3a1ed961.txt,0,,ru,,,,,
b7524251-b534-4115-a4df-9d8ce916c303,https://manualzz.com/doc/22974074/mcafee-hiscde-ab-ia---host-intrusion-prevention-product-m...?p=13,https://learn.microsoft.com/ru-ru/windows/security/operating-system-security/data-protection/bitlocker/operations-guide?tabs=powershell,2025-05-28 20:38:40,failed_download,403 Client Error: Forbidden for url: https://manualzz.com/doc/22974074/mcafee-hiscde-ab-ia---host-intrusion-prevention-product-m...?p=13,page,raw_downloads/pages/b7524251-b534-4115-a4df-9d8ce916c303.html,,0,,,,,,,
31f84c5a-cb5d-4410-9872-d031430269bb,https://nemesida-waf.com/manuals/4226,https://nemesida-waf.com/manuals/4226,2025-05-28 20:38:40,failed_download,403 Client Error: Forbidden for url: https://manualzz.com/doc/22974074/mcafee-hiscde-ab-ia---host-intrusion-prevention-product-m...?p=13,page,raw_downloads/pages/31f84c5a-cb5d-4410-9872-d031430269bb.html,,6649,,,,,,,
5fa17c2b-aa44-4881-82d7-f834bfebc5ac,https://networkradius.com/doc/FreeRADIUS-Technical-Guide.pdf,https://networkradius.com/doc/FreeRADIUS-Technical-Guide.pdf,2025-05-28 20:38:41,failed_processing,Can not convert date: Wed Nov 26 22:31:48 2003,document,raw_downloads/documents/5fa17c2b-aa44-4881-82d7-f834bfebc5ac.pdf,processed_data/documents/5fa17c2b-aa44-4881-82d7-f834bfebc5ac.txt,464391,58,en,,,,Sue,2014-03-25 18:43:52
a47e60e0-2f7b-42f3-bfad-5d389e402b10,https://new.tinko.ru/upload/pdf/solution/6/video-029.pdf,https://www.tinko.ru/upload/pdf/solution/6/video-029.pdf,2025-05-28 20:38:42,failed_processing,Can not convert date: Wed Nov 26 22:31:48 2003,document,raw_downloads/documents/a47e60e0-2f7b-42f3-bfad-5d389e402b10.pdf,processed_data/documents/a47e60e0-2f7b-42f3-bfad-5d389e402b10.txt,33727,1,ru,,,,,2025-05-28 09:07:33
33a839a3-b4fd-44d6-aef1-4cda02a898a7,https://nmap.org/man/ru/index.html,https://nmap.org/man/ru/index.html,2025-05-28 20:38:44,failed_download,403 Client Error: Forbidden for url: https://manualzz.com/doc/22974074/mcafee-hiscde-ab-ia---host-intrusion-prevention-product-m...?p=13,page,raw_downloads/pages/33a839a3-b4fd-44d6-aef1-4cda02a898a7.html,,0,,,,,,,
58942e98-1eee-4096-8283-c6afc1f94f33,https://nshielddocs.entrust.com/,https://nshielddocs.entrust.com/,2025-05-28 20:38:45,failed_download,403 Client Error: Forbidden for url: https://manualzz.com/doc/22974074/mcafee-hiscde-ab-ia---host-intrusion-prevention-product-m...?p=13,page,raw_downloads/pages/58942e98-1eee-4096-8283-c6afc1f94f33.html,,0,,,,,,,
77bebe15-1b80-4001-956f-2d93252271b5,https://peachtech.gitlab.io/peach-fuzzer-community/v3/PeachPit.html,https://peachtech.gitlab.io/peach-fuzzer-community/v3/PeachPit.html,2025-05-28 20:38:47,success,,page,raw_downloads/pages/77bebe15-1b80-4001-956f-2d93252271b5.html,processed_data/pages/77bebe15-1b80-4001-956f-2d93252271b5.txt,6155,,en,,,,,
ca5a5f18-8ab5-4f0b-9ce3-d7ee5f7596e6,https://portswigger.net/burp/documentation,https://portswigger.net/burp/documentation,2025-05-28 20:38:48,success,,page,raw_downloads/pages/ca5a5f18-8ab5-4f0b-9ce3-d7ee5f7596e6.html,processed_data/pages/ca5a5f18-8ab5-4f0b-9ce3-d7ee5f7596e6.txt,0,,en,,,,,
d5203f1b-e1fb-4ee6-ad8f-009638544e28,https://pt-corp.storage.yandexcloud.net/pt_ipc_admin_guide_eaf86d4c36.pdf,https://pt-corp.storage.yandexcloud.net/pt_ipc_admin_guide_eaf86d4c36.pdf,2025-05-28 20:38:48,failed_processing,Can not convert date: Wed Nov 26 22:31:48 2003,document,raw_downloads/documents/d5203f1b-e1fb-4ee6-ad8f-009638544e28.pdf,processed_data/documents/d5203f1b-e1fb-4ee6-ad8f-009638544e28.txt,2471423,155,ru,,,," АО ""Позитив Текнолоджиз""",2020-04-16 20:16:05
4c99578e-d4f5-435c-8a6c-f9c24dbb1067,https://pt-corp.storage.yandexcloud.net/pt_ipc_operator_guide_29d54d55b6.pdf,https://pt-corp.storage.yandexcloud.net/pt_ipc_operator_guide_29d54d55b6.pdf,2025-05-28 20:38:48,failed_processing,Can not convert date: Wed Nov 26 22:31:48 2003,document,raw_downloads/documents/4c99578e-d4f5-435c-8a6c-f9c24dbb1067.pdf,processed_data/documents/4c99578e-d4f5-435c-8a6c-f9c24dbb1067.txt,2451820,176,ru,,,," АО ""Позитив Текнолоджиз""",2020-04-16 18:54:04
f6b5861b-74a1-45aa-b188-d5be0e233152,https://pt-corp.storage.yandexcloud.net/ptblackbox_2_1_userguide_ru_d0f2edde25_1012453856.pdf,https://pt-corp.storage.yandexcloud.net/ptblackbox_2_1_userguide_ru_d0f2edde25_1012453856.pdf,2025-05-28 20:38:49,failed_processing,Can not convert date: Wed Nov 26 22:31:48 2003,document,raw_downloads/documents/f6b5861b-74a1-45aa-b188-d5be0e233152.pdf,processed_data/documents/f6b5861b-74a1-45aa-b188-d5be0e233152.txt,789647,29,ru,,,, Positive Technologies,2022-08-31 09:39:54
a326bd1b-c1ec-4432-acd4-5a0944c2a893,https://pt-corp.storage.yandexcloud.net/ptmpsiem8_0_adminguide_ru_bcfbf006dd.pdf,https://pt-corp.storage.yandexcloud.net/ptmpsiem8_0_adminguide_ru_bcfbf006dd.pdf,2025-05-28 20:38:49,failed_processing,Can not convert date: Wed Nov 26 22:31:48 2003,document,raw_downloads/documents/a326bd1b-c1ec-4432-acd4-5a0944c2a893.pdf,processed_data/documents/a326bd1b-c1ec-4432-acd4-5a0944c2a893.txt,1031636,166,ru,,,,Positive Technologies,2023-10-20 13:33:19
d4b65e41-174d-44b1-9967-ae6cb3df6ec1,https://pt-corp.storage.yandexcloud.net/ptmpsiem8_0_developguide_ru_fa71092d84.pdf,https://pt-corp.storage.yandexcloud.net/ptmpsiem8_0_developguide_ru_fa71092d84.pdf,2025-05-28 20:38:49,failed_processing,Can not convert date: Wed Nov 26 22:31:48 2003,document,raw_downloads/documents/d4b65e41-174d-44b1-9967-ae6cb3df6ec1.pdf,processed_data/documents/d4b65e41-174d-44b1-9967-ae6cb3df6ec1.txt,2764555,467,ru,,,, Positive Technologies,2023-09-27 17:55:32
ff1e35ab-f6ea-4b33-b0f1-ab2b0379c406,https://pt-corp.storage.yandexcloud.net/ptmpsiem8_0_operatorguide_ru_f2675fc087.pdf,https://pt-corp.storage.yandexcloud.net/ptmpsiem8_0_operatorguide_ru_f2675fc087.pdf,2025-05-28 20:38:49,failed_processing,Can not convert date: Wed Nov 26 22:31:48 2003,document,raw_downloads/documents/ff1e35ab-f6ea-4b33-b0f1-ab2b0379c406.pdf,processed_data/documents/ff1e35ab-f6ea-4b33-b0f1-ab2b0379c406.txt,2153828,295,ru,,,, Positive Technologies,2023-09-27 18:13:04
2bd0cb91-48f7-42e6-8728-ce27325aec76,https://pt-corp.storage.yandexcloud.net/Rukovodstvo_administratora_na_russkom_yazyke_28f90b445b.pdf,https://pt-corp.storage.yandexcloud.net/Rukovodstvo_administratora_na_russkom_yazyke_28f90b445b.pdf,2025-05-28 20:38:50,failed_processing,Can not convert date: Wed Nov 26 22:31:48 2003,document,raw_downloads/documents/2bd0cb91-48f7-42e6-8728-ce27325aec76.pdf,processed_data/documents/2bd0cb91-48f7-42e6-8728-ce27325aec76.txt,1043225,133,ru,,,, Positive Technologies,2023-10-04 08:57:54
ef648fc2-b334-49e4-b48e-32fdef4f16ce,https://pt-corp.storage.yandexcloud.net/Rukovodstvo_bystrogo_starta_na_russkom_yazyke_16e6316e4c.pdf,https://pt-corp.storage.yandexcloud.net/Rukovodstvo_bystrogo_starta_na_russkom_yazyke_16e6316e4c.pdf,2025-05-28 20:38:50,failed_processing,Can not convert date: Wed Nov 26 22:31:48 2003,document,raw_downloads/documents/ef648fc2-b334-49e4-b48e-32fdef4f16ce.pdf,processed_data/documents/ef648fc2-b334-49e4-b48e-32fdef4f16ce.txt,840766,36,ru,,,, Positive Technologies,2023-10-03 13:00:19
ed5d3f03-d883-41d1-b4c2-27a47bc271a9,https://pt-corp.storage.yandexcloud.net/Rukovodstvo_razrabotchika_na_russkom_yazyke_c079c34e60.pdf,https://pt-corp.storage.yandexcloud.net/Rukovodstvo_razrabotchika_na_russkom_yazyke_c079c34e60.pdf,2025-05-28 20:38:50,failed_processing,Can not convert date: Wed Nov 26 22:31:48 2003,document,raw_downloads/documents/ed5d3f03-d883-41d1-b4c2-27a47bc271a9.pdf,processed_data/documents/ed5d3f03-d883-41d1-b4c2-27a47bc271a9.txt,563130,50,ru,,,, Positive Technologies,2023-10-03 10:01:17
fa0dfa0c-28a6-4534-9cfb-7bbdc18fd8bb,https://pt-corp.storage.yandexcloud.net/upload/corporate/ru-ru/products/ai/users-guide.pdf,https://pt-corp.storage.yandexcloud.net/upload/corporate/ru-ru/products/ai/users-guide.pdf,2025-05-28 20:38:50,failed_processing,Can not convert date: Wed Nov 26 22:31:48 2003,document,raw_downloads/documents/fa0dfa0c-28a6-4534-9cfb-7bbdc18fd8bb.pdf,processed_data/documents/fa0dfa0c-28a6-4534-9cfb-7bbdc18fd8bb.txt,1962462,49,ru,,,,,2015-07-23 10:49:32
ac0750ba-1107-41e3-ac42-31e1ccb94d07,https://pt-corp.storage.yandexcloud.net/upload/corporate/ru-ru/products/pt-sandbox/Documentation_ru-RU_ptsandbox0.9_adminguide_ru.pdf,https://pt-corp.storage.yandexcloud.net/upload/corporate/ru-ru/products/pt-sandbox/Documentation_ru-RU_ptsandbox0.9_adminguide_ru.pdf,2025-05-28 20:38:51,failed_processing,Can not convert date: Wed Nov 26 22:31:48 2003,document,raw_downloads/documents/ac0750ba-1107-41e3-ac42-31e1ccb94d07.pdf,processed_data/documents/ac0750ba-1107-41e3-ac42-31e1ccb94d07.txt,1782295,181,ru,,,," АО ""Позитив Текнолоджиз""",2020-06-17 13:07:06
b841640e-8e9c-43ca-bcb2-cad0abb82c2d,https://rt-solar.ru/products/solar_appscreener/documents/,https://rt-solar.ru/products/solar_appscreener/documents/,2025-05-28 20:38:52,success,,page,raw_downloads/pages/b841640e-8e9c-43ca-bcb2-cad0abb82c2d.html,processed_data/pages/b841640e-8e9c-43ca-bcb2-cad0abb82c2d.txt,0,,ru,,,,,
17961b65-967a-40c1-9f53-a5082c5bd552,https://rt-solar.ru/products/solar_dozor/documents/,https://rt-solar.ru/products/solar_dozor/documents/,2025-05-28 20:38:52,success,,page,raw_downloads/pages/17961b65-967a-40c1-9f53-a5082c5bd552.html,processed_data/pages/17961b65-967a-40c1-9f53-a5082c5bd552.txt,0,,ru,,,,,
f33317e3-ce4d-4dbb-857d-db27488ab967,https://rt-solar.ru/products/solar_inrights/documents/,https://rt-solar.ru/products/solar_inrights/documents/,2025-05-28 20:38:53,success,,page,raw_downloads/pages/f33317e3-ce4d-4dbb-857d-db27488ab967.html,processed_data/pages/f33317e3-ce4d-4dbb-857d-db27488ab967.txt,0,,ru,,,,,
560dc0b5-a87c-46cf-9734-f7ee458014af,https://rt-solar.ru/products/solar_inrights/documents/,https://rt-solar.ru/products/solar_inrights/documents/,2025-05-28 20:38:53,success,,page,raw_downloads/pages/560dc0b5-a87c-46cf-9734-f7ee458014af.html,processed_data/pages/560dc0b5-a87c-46cf-9734-f7ee458014af.txt,0,,ru,,,,,
ef27e811-3bbb-4be4-b3b4-a7a88fb53af8,https://rt-solar.ru/upload/docs/dozor/Solar-Dozor-White-Paper.pdf,https://rt-solar.ru/upload/docs/dozor/Solar-Dozor-White-Paper.pdf,2025-05-28 20:38:58,failed_processing,'utf-8' codec can't decode byte 0xb5 in position 11: invalid start byte,page,raw_downloads/pages/ef27e811-3bbb-4be4-b3b4-a7a88fb53af8.html,processed_data/pages/ef27e811-3bbb-4be4-b3b4-a7a88fb53af8.txt,6118047,,ru,,,,,
b6c7d3d3-8e86-4850-bbe6-c5dc45c0a61f,"https://www.zerohedge.com/economics/nixon-shock-might-help-us-make-sense-trump-one""",https://www.zerohedge.com/economics/nixon-shock-might-help-us-make-sense-trump-one%22,2025-05-28 20:39:00,failed_processing,'utf-8' codec can't decode byte 0xb5 in position 11: invalid start byte,page,raw_downloads/pages/b6c7d3d3-8e86-4850-bbe6-c5dc45c0a61f.html,processed_data/pages/b6c7d3d3-8e86-4850-bbe6-c5dc45c0a61f.txt,0,,en,,,,,
0a3daea2-6dcf-425b-941d-137018ac5a90,"https://www.zerohedge.com/geopolitical/david-stockman-why-houthis-arent-americas-problem""",https://www.zerohedge.com/geopolitical/david-stockman-why-houthis-arent-americas-problem%22,2025-05-28 20:39:01,failed_processing,'utf-8' codec can't decode byte 0xb5 in position 11: invalid start byte,page,raw_downloads/pages/0a3daea2-6dcf-425b-941d-137018ac5a90.html,processed_data/pages/0a3daea2-6dcf-425b-941d-137018ac5a90.txt,0,,en,,,,,
b5ba1382-8660-4c84-9da9-8bbe58a965c1,"https://www.zerohedge.com/geopolitical/blinken-says-us-rare-earths-deal-actually-originated-zelensky""",https://www.zerohedge.com/geopolitical/blinken-says-us-rare-earths-deal-actually-originated-zelensky%22,2025-05-28 20:39:02,failed_processing,'utf-8' codec can't decode byte 0xb5 in position 11: invalid start byte,page,raw_downloads/pages/b5ba1382-8660-4c84-9da9-8bbe58a965c1.html,processed_data/pages/b5ba1382-8660-4c84-9da9-8bbe58a965c1.txt,0,,en,,,,,
66fbb1e9-a6eb-4d7e-89f1-278b22c50223,"https://www.zerohedge.com/personal-finance/welfare-cliff-continues-uks-ps100000-childcare-tax-trap-punishes-success-once""",https://www.zerohedge.com/personal-finance/welfare-cliff-continues-uks-ps100000-childcare-tax-trap-punishes-success-once%22,2025-05-28 20:39:03,failed_processing,'utf-8' codec can't decode byte 0xb5 in position 11: invalid start byte,page,raw_downloads/pages/66fbb1e9-a6eb-4d7e-89f1-278b22c50223.html,processed_data/pages/66fbb1e9-a6eb-4d7e-89f1-278b22c50223.txt,0,,en,,,,,
343f708d-40bc-4b6d-986f-5ee714cb45ea,"https://www.zerohedge.com/personal-finance/what-1-million-can-buy-prime-real-estate-around-world""",https://www.zerohedge.com/personal-finance/what-1-million-can-buy-prime-real-estate-around-world%22,2025-05-28 20:39:05,failed_processing,'utf-8' codec can't decode byte 0xb5 in position 11: invalid start byte,page,raw_downloads/pages/343f708d-40bc-4b6d-986f-5ee714cb45ea.html,processed_data/pages/343f708d-40bc-4b6d-986f-5ee714cb45ea.txt,0,,en,,,,,
1677c0fb-5c62-4a7a-a08b-56b2b09d9f7f,"https://www.zerohedge.com/political/uk-mps-call-digital-identity-tackle-illegal-immigration""",https://www.zerohedge.com/political/uk-mps-call-digital-identity-tackle-illegal-immigration%22,2025-05-28 20:39:06,failed_processing,'utf-8' codec can't decode byte 0xb5 in position 11: invalid start byte,page,raw_downloads/pages/1677c0fb-5c62-4a7a-a08b-56b2b09d9f7f.html,processed_data/pages/1677c0fb-5c62-4a7a-a08b-56b2b09d9f7f.txt,0,,en,,,,,
80b7cf75-609b-4d88-aaa8-f460c0dcb3d6,"https://www.zerohedge.com/markets/what-europe-overlooks-about-trump-administrations-defense-policy""",https://www.zerohedge.com/markets/what-europe-overlooks-about-trump-administrations-defense-policy%22,2025-05-28 20:39:07,failed_processing,'utf-8' codec can't decode byte 0xb5 in position 11: invalid start byte,page,raw_downloads/pages/80b7cf75-609b-4d88-aaa8-f460c0dcb3d6.html,processed_data/pages/80b7cf75-609b-4d88-aaa8-f460c0dcb3d6.txt,0,,en,,,,,
f4ffa2eb-8faa-4680-99e9-b14fac0d8dcf,"https://www.zerohedge.com/political/guy-says-science-our-side""",https://www.zerohedge.com/political/guy-says-science-our-side%22,2025-05-28 20:39:08,failed_processing,'utf-8' codec can't decode byte 0xb5 in position 11: invalid start byte,page,raw_downloads/pages/f4ffa2eb-8faa-4680-99e9-b14fac0d8dcf.html,processed_data/pages/f4ffa2eb-8faa-4680-99e9-b14fac0d8dcf.txt,0,,en,,,,,
84dffdb4-da6a-41de-9799-08d975ad90eb,"https://www.zerohedge.com/political/man-arrested-setting-pa-governors-mansion-ablaze-forcing-shapiro-and-family-flee""",https://www.zerohedge.com/political/man-arrested-setting-pa-governors-mansion-ablaze-forcing-shapiro-and-family-flee%22,2025-05-28 20:39:09,failed_processing,'utf-8' codec can't decode byte 0xb5 in position 11: invalid start byte,page,raw_downloads/pages/84dffdb4-da6a-41de-9799-08d975ad90eb.html,processed_data/pages/84dffdb4-da6a-41de-9799-08d975ad90eb.txt,0,,en,,,,,
58788d24-b382-43d5-9547-6f2e73a655bb,"https://www.zerohedge.com/political/trump-says-out-control-cbs-60-minutes-should-lose-license""",https://www.zerohedge.com/political/trump-says-out-control-cbs-60-minutes-should-lose-license%22,2025-05-28 20:39:10,failed_processing,'utf-8' codec can't decode byte 0xb5 in position 11: invalid start byte,page,raw_downloads/pages/58788d24-b382-43d5-9547-6f2e73a655bb.html,processed_data/pages/58788d24-b382-43d5-9547-6f2e73a655bb.txt,0,,en,,,,,
2f9ac636-bfd8-45a1-afde-190764937621,"https://www.zerohedge.com/technology/apple-tells-india-vietnam-factories-ramp-iphone-output-during-trumps-90-day-trade-pause""",https://www.zerohedge.com/technology/apple-tells-india-vietnam-factories-ramp-iphone-output-during-trumps-90-day-trade-pause%22,2025-05-28 20:39:11,failed_processing,'utf-8' codec can't decode byte 0xb5 in position 11: invalid start byte,page,raw_downloads/pages/2f9ac636-bfd8-45a1-afde-190764937621.html,processed_data/pages/2f9ac636-bfd8-45a1-afde-190764937621.txt,0,,en,,,,,
b3817e0f-1af4-44ff-b3aa-14b8511e7eb6,"https://www.zerohedge.com/technology/apple-overtakes-rivals-lead-global-smartphone-market-q1-milestone""",https://www.zerohedge.com/technology/apple-overtakes-rivals-lead-global-smartphone-market-q1-milestone%22,2025-05-28 20:39:13,failed_processing,'utf-8' codec can't decode byte 0xb5 in position 11: invalid start byte,page,raw_downloads/pages/b3817e0f-1af4-44ff-b3aa-14b8511e7eb6.html,processed_data/pages/b3817e0f-1af4-44ff-b3aa-14b8511e7eb6.txt,0,,en,,,,,
bba7c953-983e-4f15-b90a-7fd3c7c187c3,"https://www.zerohedge.com/political/us-strips-benefits-thousands-criminal-aliens-those-terror-watchlist""",https://www.zerohedge.com/political/us-strips-benefits-thousands-criminal-aliens-those-terror-watchlist%22,2025-05-28 20:39:14,failed_processing,'utf-8' codec can't decode byte 0xb5 in position 11: invalid start byte,page,raw_downloads/pages/bba7c953-983e-4f15-b90a-7fd3c7c187c3.html,processed_data/pages/bba7c953-983e-4f15-b90a-7fd3c7c187c3.txt,0,,en,,,,,
